person_id,person_name,email,role,department
P001,Person_001,person_001@example.com,Lead Validator,Compliance
P002,Person_002,person_002@example.com,Developer,Risk
P003,Person_003,person_003@example.com,Owner,Treasury
P004,Person_004,person_004@example.com,Lead Validator,Treasury
P005,Person_005,person_005@example.com,Lead Validator,Compliance
P006,Person_006,person_006@example.com,Risk Manager,Fraud
P007,Person_007,person_007@example.com,Lead Validator,Risk
P008,Person_008,person_008@example.com,Owner,Risk
P009,Person_009,person_009@example.com,Lead Validator,Treasury
P010,Person_010,person_010@example.com,Owner,Fraud
P011,Person_011,person_011@example.com,Risk Manager,Compliance
P012,Person_012,person_012@example.com,Risk Manager,Treasury
P013,Person_013,person_013@example.com,Developer,Fraud
P014,Person_014,person_014@example.com,Owner,Risk
P015,Person_015,person_015@example.com,Risk Manager,Compliance
P016,Person_016,person_016@example.com,Developer,Servicing
P017,Person_017,person_017@example.com,Owner,Treasury
P018,Person_018,person_018@example.com,Lead Validator,Servicing
P019,Person_019,person_019@example.com,Risk Manager,Risk
P020,Person_020,person_020@example.com,Developer,Risk
P021,Person_021,person_021@example.com,Developer,Servicing
P022,Person_022,person_022@example.com,Risk Manager,Risk
P023,Person_023,person_023@example.com,Lead Validator,Fraud
P024,Person_024,person_024@example.com,Lead Validator,CapitalMarkets
P025,Person_025,person_025@example.com,Developer,Fraud
P026,Person_026,person_026@example.com,Developer,Compliance
P027,Person_027,person_027@example.com,Owner,Fraud
P028,Person_028,person_028@example.com,Lead Validator,Compliance
P029,Person_029,person_029@example.com,Owner,Risk
P030,Person_030,person_030@example.com,Lead Validator,Servicing
P031,Person_031,person_031@example.com,Lead Validator,Treasury
P032,Person_032,person_032@example.com,Developer,CapitalMarkets
P033,Person_033,person_033@example.com,Developer,CapitalMarkets
P034,Person_034,person_034@example.com,Developer,Treasury
P035,Person_035,person_035@example.com,Owner,Servicing
