review_id,model_version_id,review_date,review_cycle,review_outcome,risk_tier_before,risk_tier_after,issues_found_count,material_issue_flag,next_review_due_date,reviewed_by_id,comments
RV000001,MV00006,2024-02-01,Annual,Conditionally Approved,Low,Low,4,False,2025-04-26,P009,Synthetic review event
RV000002,MV00006,2024-02-03,Annual,Approved,Low,Low,0,False,2025-04-28,P009,Synthetic review event
RV000003,MV00006,2024-11-02,Annual,Approved,Low,Low,2,False,2025-11-02,P009,Synthetic review event
RV000004,MV00006,2024-12-23,Initial,Approved,Low,Low,1,False,2025-12-23,P009,Synthetic review event
RV000005,MV00006,2024-12-30,Initial,Approved,Low,Low,1,False,2026-03-25,P009,Synthetic review event
RV000006,MV00007,2024-01-17,Ad-hoc,Conditionally Approved,Low,Low,1,False,2025-04-11,P004,Synthetic review event
RV000007,MV00007,2024-06-23,Initial,Approved,Low,Low,3,False,2024-12-20,P004,Synthetic review event
RV000008,MV00007,2024-11-27,Ad-hoc,Approved,Low,Low,3,False,2025-05-26,P004,Synthetic review event
RV000009,MV00008,2024-07-14,Ad-hoc,Conditionally Approved,Low,High,0,False,2025-07-14,P011,Synthetic review event
RV000010,MV00010,2025-05-27,Ad-hoc,Approved,Medium,Medium,3,False,2026-08-20,P019,Synthetic review event
RV000011,MV00010,2025-10-09,Initial,Approved,Medium,Medium,0,False,2026-10-09,P019,Synthetic review event
RV000012,MV00013,2023-12-24,Initial,Approved,Medium,High,0,False,2025-03-18,P007,Synthetic review event
RV000013,MV00014,2024-04-28,Ad-hoc,Conditionally Approved,Low,Low,3,False,2025-07-22,P001,Synthetic review event
RV000014,MV00014,2024-10-25,Ad-hoc,Approved,Low,Low,4,False,2025-10-25,P001,Synthetic review event
RV000015,MV00014,2025-05-25,Ad-hoc,Conditionally Approved,Low,Low,3,False,2026-08-18,P001,Synthetic review event
RV000016,MV00014,2025-11-01,Ad-hoc,Approved,Low,Low,0,False,2027-01-25,P001,Synthetic review event
RV000017,MV00016,2024-07-25,Initial,Approved,Low,High,3,False,2025-10-18,P023,Synthetic review event
RV000018,MV00016,2025-03-07,Initial,Approved,High,Low,1,False,2026-03-07,P023,Synthetic review event
RV000019,MV00017,2024-06-13,Initial,Approved,Low,Low,2,False,2024-12-10,P006,Synthetic review event
RV000020,MV00019,2024-02-08,Annual,Approved,Low,High,4,True,2025-02-07,P012,Synthetic review event
RV000021,MV00023,2025-04-11,Initial,Approved,Medium,Medium,3,False,2026-07-05,P028,Synthetic review event
RV000022,MV00024,2024-06-02,Ad-hoc,Conditionally Approved,Medium,Medium,2,False,2025-06-02,P028,Synthetic review event
RV000023,MV00024,2025-03-23,Annual,Conditionally Approved,Medium,Medium,4,False,2026-06-16,P028,Synthetic review event
RV000024,MV00024,2025-04-22,Ad-hoc,Approved,Medium,Medium,2,False,2026-07-16,P028,Synthetic review event
RV000025,MV00024,2025-07-06,Ad-hoc,Approved,Medium,Medium,4,False,2026-09-29,P028,Synthetic review event
RV000026,MV00026,2024-08-15,Ad-hoc,Rejected,Low,Medium,3,False,2025-11-08,P022,Synthetic review event
RV000027,MV00027,2024-02-24,Annual,Approved,Medium,High,2,False,2025-02-23,P004,Synthetic review event
RV000028,MV00027,2025-02-20,Ad-hoc,Approved,Low,High,2,False,2026-05-16,P004,Synthetic review event
RV000029,MV00027,2025-04-13,Initial,Conditionally Approved,High,Medium,3,False,2025-10-10,P004,Synthetic review event
RV000030,MV00030,2025-04-14,Annual,Approved,Low,Low,3,False,2026-07-08,P001,Synthetic review event
RV000031,MV00031,2025-10-11,Ad-hoc,Approved,Low,Low,1,False,2026-04-09,P028,Synthetic review event
RV000032,MV00032,2024-07-26,Ad-hoc,Conditionally Approved,Medium,Medium,0,False,2025-07-26,P022,Synthetic review event
RV000033,MV00033,2024-03-15,Annual,Approved,Medium,Medium,1,False,2025-06-08,P019,Synthetic review event
RV000034,MV00033,2025-04-17,Initial,Approved,Medium,Medium,3,False,2025-10-14,P019,Synthetic review event
RV000035,MV00034,2024-09-01,Annual,Approved,Medium,Medium,1,False,2025-02-28,P018,Synthetic review event
RV000036,MV00035,2024-08-02,Ad-hoc,Approved,Low,Low,2,False,2025-10-26,P006,Synthetic review event
RV000037,MV00036,2024-04-11,Annual,Approved,Medium,Medium,1,False,2025-04-11,P001,Synthetic review event
RV000038,MV00036,2024-11-05,Initial,Approved,Medium,Medium,1,False,2026-01-29,P001,Synthetic review event
RV000039,MV00036,2025-08-06,Ad-hoc,Approved,Medium,Medium,1,False,2026-08-06,P001,Synthetic review event
RV000040,MV00039,2025-05-24,Initial,Approved,Low,Low,2,False,2026-05-24,P022,Synthetic review event
RV000041,MV00040,2025-10-03,Ad-hoc,Approved,Medium,Medium,4,False,2026-12-27,P015,Synthetic review event
RV000042,MV00043,2025-09-07,Initial,Conditionally Approved,Low,Low,3,False,2026-09-07,P011,Synthetic review event
RV000043,MV00044,2024-07-27,Ad-hoc,Conditionally Approved,Medium,Medium,3,False,2025-07-27,P022,Synthetic review event
RV000044,MV00044,2025-05-05,Ad-hoc,Conditionally Approved,Medium,Medium,1,False,2026-05-05,P022,Synthetic review event
RV000045,MV00045,2025-05-06,Initial,Approved,Medium,Medium,0,False,2025-11-02,P028,Synthetic review event
RV000046,MV00047,2025-11-01,Initial,Conditionally Approved,Low,Low,3,False,2026-11-01,P023,Synthetic review event
RV000047,MV00052,2024-10-27,Annual,Conditionally Approved,Medium,High,3,False,2026-01-20,P001,Synthetic review event
RV000048,MV00055,2024-09-06,Ad-hoc,Approved,Medium,Medium,2,False,2025-03-05,P011,Synthetic review event
RV000049,MV00056,2024-05-26,Annual,Approved,Medium,Medium,3,False,2025-08-19,P012,Synthetic review event
RV000050,MV00057,2025-08-24,Annual,Approved,Medium,Medium,1,False,2026-11-17,P018,Synthetic review event
RV000051,MV00057,2025-09-03,Ad-hoc,Conditionally Approved,Medium,Medium,1,False,2026-09-03,P018,Synthetic review event
RV000052,MV00057,2025-09-16,Ad-hoc,Approved,Medium,Medium,0,False,2026-09-16,P018,Synthetic review event
RV000053,MV00058,2024-07-22,Annual,Approved,Medium,Medium,1,False,2025-07-22,P001,Synthetic review event
RV000054,MV00058,2025-09-23,Initial,Approved,Low,High,5,True,2026-03-22,P001,Synthetic review event
RV000055,MV00060,2024-01-25,Ad-hoc,Approved,Medium,Medium,2,False,2025-04-19,P001,Synthetic review event
RV000056,MV00060,2024-08-16,Ad-hoc,Approved,Medium,Medium,3,False,2025-11-09,P001,Synthetic review event
RV000057,MV00062,2024-05-16,Annual,Approved,Medium,Medium,0,False,2024-11-12,P006,Synthetic review event
RV000058,MV00063,2024-04-28,Ad-hoc,Approved,Low,High,3,False,2025-07-22,P011,Synthetic review event
RV000059,MV00063,2025-03-16,Ad-hoc,Conditionally Approved,High,High,1,False,2026-06-09,P011,Synthetic review event
RV000060,MV00064,2025-08-26,Annual,Conditionally Approved,Low,High,4,True,2026-08-26,P009,Synthetic review event
RV000061,MV00065,2025-08-03,Annual,Conditionally Approved,Low,High,1,False,2026-10-27,P004,Synthetic review event
RV000062,MV00065,2025-08-15,Ad-hoc,Conditionally Approved,High,High,2,False,2026-11-08,P004,Synthetic review event
RV000063,MV00065,2025-11-12,Annual,Approved,High,Medium,2,False,2026-05-11,P004,Synthetic review event
RV000064,MV00067,2024-12-13,Ad-hoc,Conditionally Approved,Medium,High,1,False,2025-12-13,P005,Synthetic review event
RV000065,MV00067,2025-02-13,Initial,Approved,High,High,5,True,2025-08-12,P005,Synthetic review event
RV000066,MV00068,2025-07-08,Annual,Approved,Medium,Medium,1,False,2026-07-08,P031,Synthetic review event
RV000067,MV00069,2023-12-24,Initial,Approved,Medium,Medium,0,False,2025-03-18,P028,Synthetic review event
RV000068,MV00069,2025-06-01,Ad-hoc,Conditionally Approved,Medium,Medium,5,False,2026-06-01,P028,Synthetic review event
RV000069,MV00071,2025-12-07,Ad-hoc,Approved,Low,Low,0,False,2026-06-05,P015,Synthetic review event
RV000070,MV00076,2024-09-30,Ad-hoc,Rejected,Medium,Medium,3,False,2025-12-24,P007,Synthetic review event
RV000071,MV00076,2025-02-19,Ad-hoc,Conditionally Approved,Medium,Medium,1,False,2025-08-18,P007,Synthetic review event
RV000072,MV00077,2025-10-28,Ad-hoc,Conditionally Approved,Medium,Medium,0,False,2026-04-26,P011,Synthetic review event
RV000073,MV00079,2024-08-18,Ad-hoc,Approved,Low,Low,0,False,2025-02-14,P031,Synthetic review event
RV000074,MV00079,2025-01-18,Ad-hoc,Conditionally Approved,Low,Low,3,False,2026-04-13,P031,Synthetic review event
RV000075,MV00080,2024-01-29,Ad-hoc,Conditionally Approved,Medium,Medium,2,False,2024-07-27,P022,Synthetic review event
RV000076,MV00080,2024-04-03,Initial,Conditionally Approved,Medium,Medium,2,False,2025-04-03,P022,Synthetic review event
RV000077,MV00080,2024-04-30,Annual,Conditionally Approved,Medium,Medium,1,False,2025-07-24,P022,Synthetic review event
RV000078,MV00080,2024-11-26,Annual,Approved,Medium,Medium,3,False,2025-11-26,P022,Synthetic review event
RV000079,MV00080,2025-05-13,Initial,Approved,Medium,Medium,0,False,2025-11-09,P022,Synthetic review event
RV000080,MV00080,2025-05-20,Annual,Conditionally Approved,Medium,Medium,4,False,2026-05-20,P022,Synthetic review event
RV000081,MV00080,2025-08-18,Ad-hoc,Conditionally Approved,Medium,Medium,0,False,2026-08-18,P022,Synthetic review event
RV000082,MV00081,2025-01-15,Ad-hoc,Conditionally Approved,Low,Low,2,False,2026-04-10,P001,Synthetic review event
RV000083,MV00082,2024-10-12,Annual,Rejected,Low,Low,1,False,2026-01-05,P012,Synthetic review event
RV000084,MV00082,2025-09-29,Annual,Conditionally Approved,Low,Low,1,False,2026-09-29,P012,Synthetic review event
RV000085,MV00082,2025-11-22,Annual,Approved,Low,Low,2,False,2027-02-15,P012,Synthetic review event
RV000086,MV00085,2024-03-12,Initial,Conditionally Approved,Medium,High,2,False,2025-03-12,P015,Synthetic review event
RV000087,MV00085,2024-06-19,Initial,Approved,High,High,2,False,2025-09-12,P015,Synthetic review event
RV000088,MV00086,2025-10-06,Ad-hoc,Approved,Medium,High,1,False,2026-10-06,P022,Synthetic review event
RV000089,MV00087,2024-03-07,Ad-hoc,Approved,Low,High,2,False,2025-05-31,P031,Synthetic review event
RV000090,MV00087,2024-06-01,Ad-hoc,Approved,High,Low,1,False,2025-08-25,P031,Synthetic review event
RV000091,MV00087,2025-03-19,Ad-hoc,Approved,Low,Low,0,False,2026-06-12,P031,Synthetic review event
RV000092,MV00088,2024-04-10,Ad-hoc,Approved,Medium,High,1,False,2025-07-04,P028,Synthetic review event
RV000093,MV00088,2024-08-21,Ad-hoc,Conditionally Approved,Low,High,4,True,2025-11-14,P028,Synthetic review event
RV000094,MV00088,2025-04-30,Ad-hoc,Conditionally Approved,Medium,High,3,False,2026-07-24,P028,Synthetic review event
RV000095,MV00089,2023-12-31,Initial,Rejected,Low,Low,2,False,2025-03-25,P005,Synthetic review event
RV000096,MV00089,2025-07-24,Annual,Approved,Low,Low,4,False,2026-10-17,P005,Synthetic review event
RV000097,MV00090,2024-07-04,Ad-hoc,Approved,Low,Medium,4,False,2025-09-27,P004,Synthetic review event
RV000098,MV00090,2024-08-03,Initial,Conditionally Approved,Medium,High,3,False,2025-10-27,P004,Synthetic review event
RV000099,MV00090,2025-09-18,Initial,Approved,High,High,0,False,2026-03-17,P004,Synthetic review event
RV000100,MV00090,2025-10-04,Initial,Conditionally Approved,High,Medium,2,False,2026-04-02,P004,Synthetic review event
RV000101,MV00091,2024-05-05,Annual,Approved,Medium,Medium,3,False,2025-05-05,P007,Synthetic review event
RV000102,MV00091,2024-12-30,Ad-hoc,Conditionally Approved,Medium,Medium,2,False,2026-03-25,P007,Synthetic review event
RV000103,MV00092,2025-06-18,Initial,Conditionally Approved,Medium,Medium,0,False,2026-06-18,P018,Synthetic review event
RV000104,MV00093,2024-04-18,Annual,Approved,Medium,Medium,0,False,2024-10-15,P006,Synthetic review event
RV000105,MV00093,2025-04-15,Annual,Approved,Medium,Medium,0,False,2026-07-09,P006,Synthetic review event
RV000106,MV00097,2024-02-25,Initial,Approved,Medium,High,2,False,2025-02-24,P007,Synthetic review event
RV000107,MV00097,2025-10-16,Initial,Conditionally Approved,High,High,4,True,2026-10-16,P007,Synthetic review event
RV000108,MV00098,2024-03-31,Annual,Approved,Medium,Medium,0,False,2025-06-24,P011,Synthetic review event
RV000109,MV00098,2024-04-19,Annual,Rejected,Medium,Medium,5,False,2025-04-19,P011,Synthetic review event
RV000110,MV00100,2024-10-04,Annual,Approved,Medium,Medium,2,False,2025-12-28,P005,Synthetic review event
RV000111,MV00101,2024-04-02,Ad-hoc,Conditionally Approved,Low,Low,1,False,2025-06-26,P024,Synthetic review event
RV000112,MV00101,2025-11-24,Initial,Approved,Low,Low,2,False,2026-11-24,P024,Synthetic review event
RV000113,MV00103,2024-07-20,Annual,Conditionally Approved,Low,Low,0,False,2025-10-13,P024,Synthetic review event
RV000114,MV00103,2025-07-23,Annual,Approved,Low,Low,1,False,2026-10-16,P024,Synthetic review event
RV000115,MV00104,2024-10-01,Annual,Approved,Low,Low,1,False,2025-03-30,P006,Synthetic review event
RV000116,MV00105,2024-01-07,Ad-hoc,Approved,Medium,Medium,3,False,2024-07-05,P031,Synthetic review event
RV000117,MV00105,2024-08-22,Annual,Approved,Medium,Medium,3,False,2025-08-22,P031,Synthetic review event
RV000118,MV00105,2024-12-23,Annual,Approved,Medium,Medium,2,False,2025-06-21,P031,Synthetic review event
RV000119,MV00105,2025-08-16,Initial,Approved,Medium,High,2,False,2026-08-16,P031,Synthetic review event
RV000120,MV00107,2024-10-26,Annual,Approved,Medium,Medium,4,False,2025-04-24,P022,Synthetic review event
RV000121,MV00107,2025-04-05,Ad-hoc,Approved,Medium,Medium,2,False,2026-04-05,P022,Synthetic review event
RV000122,MV00107,2025-10-11,Ad-hoc,Approved,Medium,Medium,1,False,2027-01-04,P022,Synthetic review event
RV000123,MV00108,2024-05-22,Annual,Approved,Medium,High,4,True,2024-11-18,P012,Synthetic review event
RV000124,MV00108,2025-09-05,Ad-hoc,Conditionally Approved,High,Medium,2,False,2026-11-29,P012,Synthetic review event
RV000125,MV00109,2024-04-02,Initial,Approved,Low,High,5,True,2025-06-26,P009,Synthetic review event
RV000126,MV00109,2024-04-18,Initial,Conditionally Approved,High,High,2,False,2025-07-12,P009,Synthetic review event
RV000127,MV00109,2025-03-07,Annual,Approved,High,High,0,False,2026-03-07,P009,Synthetic review event
RV000128,MV00109,2025-09-02,Ad-hoc,Conditionally Approved,High,High,2,False,2026-03-01,P009,Synthetic review event
RV000129,MV00113,2024-02-22,Initial,Conditionally Approved,Low,Low,3,False,2025-05-17,P028,Synthetic review event
RV000130,MV00113,2025-07-14,Ad-hoc,Approved,Low,Low,1,False,2026-10-07,P028,Synthetic review event
RV000131,MV00113,2025-08-14,Annual,Approved,Low,High,4,True,2026-08-14,P028,Synthetic review event
RV000132,MV00114,2024-04-07,Initial,Conditionally Approved,Low,Medium,1,False,2024-10-04,P030,Synthetic review event
RV000133,MV00114,2025-08-05,Annual,Approved,Medium,Medium,1,False,2026-10-29,P030,Synthetic review event
RV000134,MV00115,2024-04-18,Annual,Approved,Medium,High,1,False,2025-04-18,P028,Synthetic review event
RV000135,MV00115,2024-10-03,Initial,Approved,High,High,2,False,2025-12-27,P028,Synthetic review event
RV000136,MV00115,2025-01-02,Initial,Approved,High,Medium,2,False,2026-03-28,P028,Synthetic review event
RV000137,MV00115,2025-08-01,Initial,Approved,Medium,Medium,4,False,2026-10-25,P028,Synthetic review event
RV000138,MV00116,2024-06-24,Ad-hoc,Approved,Medium,Medium,2,False,2025-09-17,P004,Synthetic review event
RV000139,MV00118,2024-07-30,Ad-hoc,Approved,Medium,High,3,False,2025-07-30,P023,Synthetic review event
RV000140,MV00119,2025-07-26,Initial,Conditionally Approved,Low,High,0,False,2026-01-22,P012,Synthetic review event
RV000141,MV00120,2024-09-26,Initial,Approved,Medium,High,2,False,2025-09-26,P012,Synthetic review event
RV000142,MV00120,2025-03-20,Ad-hoc,Approved,High,Medium,3,False,2026-06-13,P012,Synthetic review event
RV000143,MV00121,2024-12-10,Ad-hoc,Rejected,Medium,Medium,3,False,2025-06-08,P031,Synthetic review event
RV000144,MV00122,2024-11-02,Annual,Approved,Low,Low,3,False,2025-05-01,P015,Synthetic review event
RV000145,MV00122,2025-11-05,Ad-hoc,Approved,Low,Low,3,False,2027-01-29,P015,Synthetic review event
RV000146,MV00124,2024-05-03,Ad-hoc,Approved,Low,Low,2,False,2025-07-27,P019,Synthetic review event
RV000147,MV00124,2024-06-19,Initial,Approved,Low,Low,3,False,2024-12-16,P019,Synthetic review event
RV000148,MV00124,2025-03-07,Initial,Approved,Low,Low,4,False,2026-05-31,P019,Synthetic review event
RV000149,MV00125,2025-04-06,Annual,Approved,Medium,Medium,1,False,2026-04-06,P006,Synthetic review event
RV000150,MV00126,2025-02-09,Annual,Conditionally Approved,Medium,High,2,False,2026-02-09,P030,Synthetic review event
RV000151,MV00127,2024-04-09,Annual,Conditionally Approved,Medium,Medium,2,False,2025-04-09,P024,Synthetic review event
RV000152,MV00127,2025-03-14,Initial,Approved,Medium,Medium,2,False,2026-03-14,P024,Synthetic review event
RV000153,MV00128,2024-03-10,Initial,Conditionally Approved,Medium,Medium,2,False,2024-09-06,P028,Synthetic review event
RV000154,MV00128,2024-06-12,Initial,Approved,Medium,Medium,4,False,2025-09-05,P028,Synthetic review event
RV000155,MV00128,2025-05-28,Annual,Approved,Medium,Medium,1,False,2026-05-28,P028,Synthetic review event
RV000156,MV00129,2024-05-27,Initial,Approved,Medium,Medium,3,False,2024-11-23,P028,Synthetic review event
RV000157,MV00129,2024-06-17,Annual,Approved,Medium,Medium,1,False,2025-09-10,P028,Synthetic review event
RV000158,MV00129,2025-08-30,Ad-hoc,Approved,Medium,Medium,2,False,2026-08-30,P028,Synthetic review event
RV000159,MV00130,2024-03-01,Ad-hoc,Approved,Medium,Medium,0,False,2025-03-01,P015,Synthetic review event
RV000160,MV00130,2025-03-17,Initial,Conditionally Approved,Medium,Medium,3,False,2026-03-17,P015,Synthetic review event
RV000161,MV00131,2024-11-04,Ad-hoc,Approved,Low,Medium,2,False,2025-11-04,P015,Synthetic review event
RV000162,MV00132,2025-09-12,Initial,Approved,Medium,Medium,1,False,2026-12-06,P024,Synthetic review event
RV000163,MV00136,2025-06-11,Initial,Approved,Medium,Medium,2,False,2026-09-04,P009,Synthetic review event
RV000164,MV00138,2024-03-28,Initial,Approved,Medium,Medium,3,False,2025-03-28,P004,Synthetic review event
RV000165,MV00138,2025-07-16,Ad-hoc,Approved,Medium,Medium,1,False,2026-07-16,P004,Synthetic review event
RV000166,MV00139,2024-11-04,Initial,Conditionally Approved,Medium,Medium,3,False,2026-01-28,P018,Synthetic review event
RV000167,MV00139,2025-10-24,Ad-hoc,Approved,Medium,High,2,False,2026-04-22,P018,Synthetic review event
RV000168,MV00140,2025-11-08,Initial,Approved,Medium,Medium,3,False,2027-02-01,P018,Synthetic review event
RV000169,MV00141,2024-07-29,Annual,Rejected,Low,Low,1,False,2025-01-25,P022,Synthetic review event
RV000170,MV00141,2024-12-06,Annual,Conditionally Approved,Low,Low,1,False,2025-06-04,P022,Synthetic review event
RV000171,MV00141,2025-05-03,Annual,Approved,Medium,High,5,True,2026-05-03,P022,Synthetic review event
RV000172,MV00143,2025-02-15,Ad-hoc,Conditionally Approved,Medium,Medium,4,False,2026-05-11,P009,Synthetic review event
RV000173,MV00144,2024-08-23,Ad-hoc,Conditionally Approved,Low,High,1,False,2025-08-23,P030,Synthetic review event
RV000174,MV00144,2025-06-21,Annual,Approved,High,High,3,False,2026-06-21,P030,Synthetic review event
RV000175,MV00145,2025-06-15,Ad-hoc,Conditionally Approved,Low,High,2,False,2025-12-12,P001,Synthetic review event
RV000176,MV00146,2024-03-17,Annual,Approved,Medium,Medium,3,False,2025-03-17,P024,Synthetic review event
RV000177,MV00146,2024-04-06,Ad-hoc,Approved,Medium,Medium,1,False,2025-06-30,P024,Synthetic review event
RV000178,MV00146,2024-04-28,Annual,Conditionally Approved,Medium,Medium,5,False,2025-04-28,P024,Synthetic review event
RV000179,MV00146,2024-10-09,Annual,Rejected,Medium,High,3,False,2025-04-07,P024,Synthetic review event
RV000180,MV00146,2025-06-03,Ad-hoc,Conditionally Approved,High,Medium,1,False,2026-06-03,P024,Synthetic review event
RV000181,MV00146,2025-07-12,Annual,Approved,Medium,High,1,False,2026-07-12,P024,Synthetic review event
RV000182,MV00149,2025-04-16,Ad-hoc,Approved,Low,High,5,True,2026-07-10,P012,Synthetic review event
RV000183,MV00150,2025-02-28,Annual,Conditionally Approved,Low,Low,1,False,2026-02-28,P023,Synthetic review event
RV000184,MV00150,2025-06-15,Annual,Approved,Low,Low,5,False,2026-06-15,P023,Synthetic review event
RV000185,MV00150,2025-07-06,Annual,Approved,Low,Low,2,False,2026-01-02,P023,Synthetic review event
RV000186,MV00150,2025-09-06,Annual,Approved,Low,Low,3,False,2026-09-06,P023,Synthetic review event
RV000187,MV00151,2025-06-23,Annual,Approved,Low,High,3,False,2026-09-16,P004,Synthetic review event
RV000188,MV00153,2024-12-26,Annual,Approved,Medium,Medium,3,False,2026-03-21,P018,Synthetic review event
RV000189,MV00153,2025-06-11,Initial,Approved,Medium,Medium,3,False,2026-09-04,P018,Synthetic review event
RV000190,MV00154,2024-09-07,Initial,Approved,Low,Low,1,False,2025-03-06,P011,Synthetic review event
RV000191,MV00155,2024-02-06,Initial,Approved,Low,High,2,False,2025-02-05,P004,Synthetic review event
RV000192,MV00155,2024-05-07,Initial,Conditionally Approved,Low,High,1,False,2024-11-03,P004,Synthetic review event
RV000193,MV00155,2024-11-27,Initial,Approved,High,High,1,False,2025-11-27,P004,Synthetic review event
RV000194,MV00155,2024-12-17,Initial,Approved,High,High,4,True,2025-12-17,P004,Synthetic review event
RV000195,MV00156,2024-02-03,Ad-hoc,Approved,Medium,Medium,3,False,2025-02-02,P004,Synthetic review event
RV000196,MV00156,2024-02-05,Initial,Approved,Medium,Medium,1,False,2025-02-04,P004,Synthetic review event
RV000197,MV00156,2024-07-14,Initial,Approved,Medium,Medium,0,False,2025-07-14,P004,Synthetic review event
RV000198,MV00156,2024-07-16,Ad-hoc,Approved,Medium,Medium,1,False,2025-01-12,P004,Synthetic review event
RV000199,MV00156,2024-10-18,Initial,Approved,Medium,Medium,3,False,2025-04-16,P004,Synthetic review event
RV000200,MV00157,2024-09-27,Annual,Rejected,Medium,Medium,0,False,2025-09-27,P004,Synthetic review event
RV000201,MV00158,2024-07-01,Initial,Rejected,Medium,Medium,4,False,2025-07-01,P022,Synthetic review event
RV000202,MV00158,2025-05-14,Ad-hoc,Rejected,Medium,Medium,1,False,2026-08-07,P022,Synthetic review event
RV000203,MV00159,2024-06-24,Initial,Approved,Low,Low,0,False,2025-06-24,P019,Synthetic review event
RV000204,MV00159,2025-08-30,Ad-hoc,Approved,Low,Low,3,False,2026-02-26,P019,Synthetic review event
RV000205,MV00160,2024-06-10,Ad-hoc,Approved,Low,High,1,False,2025-06-10,P005,Synthetic review event
RV000206,MV00160,2025-03-03,Annual,Rejected,High,Low,3,False,2026-05-27,P005,Synthetic review event
RV000207,MV00160,2025-03-21,Ad-hoc,Conditionally Approved,Low,Low,4,False,2026-06-14,P005,Synthetic review event
RV000208,MV00160,2025-08-31,Ad-hoc,Approved,Low,Low,3,False,2026-08-31,P005,Synthetic review event
RV000209,MV00160,2025-11-28,Initial,Approved,Low,Low,3,False,2026-05-27,P005,Synthetic review event
RV000210,MV00164,2025-03-21,Annual,Approved,Low,Low,2,False,2026-06-14,P005,Synthetic review event
RV000211,MV00167,2024-07-29,Initial,Conditionally Approved,Medium,Medium,3,False,2025-07-29,P004,Synthetic review event
RV000212,MV00168,2024-06-16,Initial,Conditionally Approved,Medium,High,2,False,2025-06-16,P015,Synthetic review event
RV000213,MV00169,2025-06-30,Ad-hoc,Approved,Low,High,2,False,2026-06-30,P007,Synthetic review event
RV000214,MV00170,2024-04-25,Annual,Conditionally Approved,Medium,Medium,3,False,2024-10-22,P005,Synthetic review event
RV000215,MV00170,2024-07-15,Ad-hoc,Approved,Medium,Medium,5,False,2025-01-11,P005,Synthetic review event
RV000216,MV00171,2025-09-09,Annual,Approved,Low,High,0,False,2026-03-08,P004,Synthetic review event
RV000217,MV00172,2025-02-14,Annual,Approved,Low,Low,2,False,2025-08-13,P018,Synthetic review event
RV000218,MV00172,2025-08-02,Ad-hoc,Conditionally Approved,Low,Low,4,False,2026-10-26,P018,Synthetic review event
RV000219,MV00173,2025-07-09,Initial,Approved,Low,Low,5,False,2026-10-02,P015,Synthetic review event
RV000220,MV00174,2024-04-28,Ad-hoc,Approved,Medium,Medium,1,False,2024-10-25,P022,Synthetic review event
RV000221,MV00174,2024-05-27,Annual,Conditionally Approved,Medium,Medium,3,False,2025-05-27,P022,Synthetic review event
RV000222,MV00174,2025-06-05,Initial,Approved,Medium,Medium,2,False,2025-12-02,P022,Synthetic review event
RV000223,MV00175,2024-04-29,Initial,Conditionally Approved,Low,Low,1,False,2025-07-23,P001,Synthetic review event
RV000224,MV00175,2024-10-28,Annual,Approved,Low,Low,2,False,2026-01-21,P001,Synthetic review event
RV000225,MV00175,2025-09-23,Initial,Approved,Low,Low,0,False,2026-03-22,P001,Synthetic review event
RV000226,MV00176,2025-07-22,Annual,Approved,Medium,Medium,2,False,2026-01-18,P024,Synthetic review event
RV000227,MV00177,2025-10-19,Annual,Conditionally Approved,Medium,Medium,0,False,2027-01-12,P004,Synthetic review event
RV000228,MV00178,2025-04-30,Annual,Approved,Low,High,0,False,2026-07-24,P007,Synthetic review event
RV000229,MV00179,2025-03-17,Ad-hoc,Approved,Low,High,1,False,2026-03-17,P023,Synthetic review event
RV000230,MV00181,2025-01-05,Initial,Approved,Medium,High,3,False,2026-03-31,P006,Synthetic review event
RV000231,MV00183,2024-09-02,Annual,Rejected,Medium,Medium,1,False,2025-09-02,P018,Synthetic review event
RV000232,MV00184,2025-04-14,Ad-hoc,Approved,Low,Low,1,False,2026-04-14,P022,Synthetic review event
RV000233,MV00184,2025-05-16,Annual,Conditionally Approved,Low,Low,4,False,2025-11-12,P022,Synthetic review event
RV000234,MV00186,2023-12-31,Ad-hoc,Conditionally Approved,Medium,Medium,3,False,2024-06-28,P030,Synthetic review event
RV000235,MV00186,2024-04-11,Ad-hoc,Approved,Medium,Medium,2,False,2025-07-05,P030,Synthetic review event
RV000236,MV00186,2025-06-24,Ad-hoc,Approved,Medium,Medium,2,False,2026-06-24,P030,Synthetic review event
RV000237,MV00189,2024-03-31,Ad-hoc,Conditionally Approved,Low,Low,0,False,2025-03-31,P018,Synthetic review event
RV000238,MV00190,2024-02-02,Annual,Approved,Medium,Medium,2,False,2024-07-31,P022,Synthetic review event
RV000239,MV00190,2025-02-06,Annual,Conditionally Approved,Low,High,1,False,2026-05-02,P022,Synthetic review event
RV000240,MV00190,2025-05-18,Ad-hoc,Approved,High,Medium,4,False,2026-05-18,P022,Synthetic review event
RV000241,MV00190,2025-05-27,Initial,Approved,Medium,Medium,2,False,2026-05-27,P022,Synthetic review event
RV000242,MV00192,2024-12-01,Initial,Approved,Medium,High,4,True,2026-02-24,P004,Synthetic review event
RV000243,MV00192,2025-05-25,Ad-hoc,Approved,High,Low,1,False,2026-08-18,P004,Synthetic review event
RV000244,MV00193,2025-08-11,Ad-hoc,Approved,Medium,High,0,False,2026-11-04,P028,Synthetic review event
RV000245,MV00194,2024-08-12,Initial,Rejected,Medium,High,3,False,2025-02-08,P019,Synthetic review event
RV000246,MV00197,2025-02-15,Initial,Approved,Low,Low,0,False,2026-05-11,P007,Synthetic review event
RV000247,MV00198,2025-10-31,Ad-hoc,Approved,Medium,Medium,5,False,2027-01-24,P007,Synthetic review event
RV000248,MV00199,2024-12-19,Initial,Approved,Medium,Medium,5,False,2026-03-14,P030,Synthetic review event
RV000249,MV00199,2025-07-04,Initial,Approved,Medium,Medium,3,False,2026-09-27,P030,Synthetic review event
RV000250,MV00200,2024-08-09,Ad-hoc,Rejected,Low,High,2,False,2025-08-09,P015,Synthetic review event
RV000251,MV00200,2024-10-23,Initial,Conditionally Approved,High,Medium,1,False,2025-04-21,P015,Synthetic review event
RV000252,MV00200,2025-07-16,Initial,Conditionally Approved,Medium,Medium,1,False,2026-10-09,P015,Synthetic review event
RV000253,MV00201,2024-04-25,Initial,Approved,Medium,Medium,1,False,2025-07-19,P006,Synthetic review event
RV000254,MV00201,2024-10-12,Ad-hoc,Approved,Medium,High,1,False,2025-10-12,P006,Synthetic review event
RV000255,MV00201,2025-08-01,Ad-hoc,Conditionally Approved,High,High,2,False,2026-01-28,P006,Synthetic review event
RV000256,MV00203,2024-09-25,Initial,Rejected,Low,High,2,False,2025-12-19,P023,Synthetic review event
RV000257,MV00204,2024-08-27,Annual,Approved,Medium,Medium,1,False,2025-11-20,P015,Synthetic review event
RV000258,MV00206,2024-06-01,Initial,Rejected,Low,Low,3,False,2025-06-01,P012,Synthetic review event
RV000259,MV00206,2025-02-11,Ad-hoc,Approved,Low,Low,2,False,2026-05-07,P012,Synthetic review event
RV000260,MV00208,2024-06-20,Annual,Rejected,Medium,Medium,2,False,2025-06-20,P006,Synthetic review event
RV000261,MV00208,2025-02-22,Ad-hoc,Rejected,Low,High,1,False,2025-08-21,P006,Synthetic review event
RV000262,MV00210,2024-05-08,Initial,Approved,Low,Low,1,False,2025-05-08,P007,Synthetic review event
RV000263,MV00210,2025-05-11,Ad-hoc,Approved,Low,Low,1,False,2025-11-07,P007,Synthetic review event
RV000264,MV00211,2024-06-30,Annual,Rejected,Low,Low,4,False,2025-09-23,P022,Synthetic review event
RV000265,MV00212,2025-02-10,Ad-hoc,Approved,Low,Low,4,False,2026-05-06,P024,Synthetic review event
RV000266,MV00212,2025-09-08,Ad-hoc,Approved,Low,Low,2,False,2026-03-07,P024,Synthetic review event
RV000267,MV00212,2025-10-07,Ad-hoc,Conditionally Approved,Medium,High,1,False,2026-12-31,P024,Synthetic review event
RV000268,MV00213,2023-12-29,Ad-hoc,Conditionally Approved,Low,Low,2,False,2024-12-28,P023,Synthetic review event
RV000269,MV00214,2025-07-31,Annual,Approved,Low,Low,1,False,2026-07-31,P012,Synthetic review event
RV000270,MV00214,2025-08-10,Initial,Approved,Low,Low,3,False,2026-08-10,P012,Synthetic review event
RV000271,MV00218,2025-11-02,Annual,Approved,Low,Low,0,False,2026-05-01,P030,Synthetic review event
RV000272,MV00219,2024-04-15,Annual,Approved,Low,Low,2,False,2025-07-09,P018,Synthetic review event
RV000273,MV00220,2024-04-20,Initial,Approved,Low,Low,2,False,2024-10-17,P022,Synthetic review event
RV000274,MV00221,2024-05-06,Initial,Approved,Medium,Medium,3,False,2025-05-06,P011,Synthetic review event
RV000275,MV00222,2025-01-31,Ad-hoc,Conditionally Approved,Medium,Medium,2,False,2025-07-30,P011,Synthetic review event
RV000276,MV00223,2024-02-26,Annual,Conditionally Approved,Medium,Medium,4,False,2024-08-24,P015,Synthetic review event
RV000277,MV00223,2025-06-29,Ad-hoc,Conditionally Approved,Medium,Medium,3,False,2025-12-26,P015,Synthetic review event
RV000278,MV00226,2023-12-26,Annual,Approved,Medium,Medium,1,False,2024-12-25,P022,Synthetic review event
RV000279,MV00226,2024-05-01,Ad-hoc,Approved,Medium,Medium,3,False,2025-07-25,P022,Synthetic review event
RV000280,MV00226,2024-08-07,Initial,Approved,Medium,Medium,1,False,2025-10-31,P022,Synthetic review event
RV000281,MV00227,2024-04-16,Annual,Approved,Medium,Medium,1,False,2025-07-10,P018,Synthetic review event
RV000282,MV00227,2024-05-29,Ad-hoc,Approved,Medium,Medium,6,False,2025-08-22,P018,Synthetic review event
RV000283,MV00227,2024-07-03,Annual,Approved,Medium,Medium,2,False,2024-12-30,P018,Synthetic review event
RV000284,MV00227,2024-09-30,Annual,Approved,Medium,Medium,1,False,2025-03-29,P018,Synthetic review event
RV000285,MV00227,2024-12-11,Annual,Approved,Medium,Medium,1,False,2026-03-06,P018,Synthetic review event
RV000286,MV00228,2024-02-06,Annual,Conditionally Approved,Medium,Medium,1,False,2025-05-01,P030,Synthetic review event
RV000287,MV00228,2025-02-06,Annual,Approved,Medium,Medium,1,False,2025-08-05,P030,Synthetic review event
RV000288,MV00228,2025-03-16,Annual,Approved,Medium,Medium,3,False,2026-06-09,P030,Synthetic review event
RV000289,MV00229,2024-08-21,Ad-hoc,Conditionally Approved,Medium,Medium,1,False,2025-02-17,P015,Synthetic review event
RV000290,MV00232,2024-05-23,Annual,Approved,Medium,Medium,0,False,2025-08-16,P019,Synthetic review event
RV000291,MV00232,2024-10-25,Ad-hoc,Approved,Medium,Medium,3,False,2025-04-23,P019,Synthetic review event
RV000292,MV00232,2025-01-11,Annual,Approved,Medium,High,2,False,2026-01-11,P019,Synthetic review event
RV000293,MV00232,2025-02-13,Initial,Conditionally Approved,High,Medium,4,False,2025-08-12,P019,Synthetic review event
RV000294,MV00233,2024-05-08,Annual,Conditionally Approved,Low,Low,1,False,2025-05-08,P031,Synthetic review event
RV000295,MV00233,2025-01-23,Annual,Rejected,Low,Low,4,False,2026-01-23,P031,Synthetic review event
RV000296,MV00234,2024-07-05,Annual,Approved,Medium,Medium,2,False,2025-07-05,P030,Synthetic review event
RV000297,MV00235,2024-08-01,Annual,Approved,Low,Low,6,False,2025-08-01,P018,Synthetic review event
RV000298,MV00235,2025-04-26,Ad-hoc,Approved,Low,Low,3,False,2025-10-23,P018,Synthetic review event
RV000299,MV00236,2025-12-04,Initial,Approved,Medium,Medium,2,False,2027-02-27,P005,Synthetic review event
RV000300,MV00241,2025-08-12,Initial,Approved,Medium,Medium,2,False,2026-11-05,P030,Synthetic review event
RV000301,MV00242,2025-07-28,Annual,Approved,Medium,Medium,2,False,2026-07-28,P012,Synthetic review event
RV000302,MV00243,2024-06-12,Initial,Approved,Low,Low,2,False,2025-06-12,P022,Synthetic review event
RV000303,MV00244,2025-06-30,Initial,Approved,Low,Low,1,False,2025-12-27,P005,Synthetic review event
RV000304,MV00245,2024-05-11,Annual,Conditionally Approved,Low,Low,2,False,2024-11-07,P018,Synthetic review event
RV000305,MV00245,2025-02-17,Initial,Approved,Low,Low,3,False,2025-08-16,P018,Synthetic review event
RV000306,MV00245,2025-09-28,Annual,Conditionally Approved,Low,Low,2,False,2026-03-27,P018,Synthetic review event
RV000307,MV00247,2024-01-09,Initial,Approved,Medium,Medium,2,False,2025-01-08,P030,Synthetic review event
RV000308,MV00247,2025-06-17,Initial,Conditionally Approved,Medium,High,1,False,2026-06-17,P030,Synthetic review event
RV000309,MV00248,2024-03-30,Annual,Approved,Low,Medium,1,False,2024-09-26,P023,Synthetic review event
RV000310,MV00248,2025-06-11,Annual,Conditionally Approved,Medium,High,1,False,2026-09-04,P023,Synthetic review event
RV000311,MV00249,2025-01-08,Ad-hoc,Approved,Low,High,3,False,2026-01-08,P019,Synthetic review event
RV000312,MV00250,2025-01-14,Ad-hoc,Approved,Low,High,4,True,2026-04-09,P012,Synthetic review event
RV000313,MV00250,2025-02-10,Ad-hoc,Approved,High,High,1,False,2025-08-09,P012,Synthetic review event
RV000314,MV00251,2025-07-24,Annual,Approved,Medium,Medium,1,False,2026-10-17,P028,Synthetic review event
RV000315,MV00252,2024-02-08,Initial,Approved,Low,High,3,False,2025-02-07,P015,Synthetic review event
RV000316,MV00252,2024-03-08,Initial,Approved,Medium,High,3,False,2025-06-01,P015,Synthetic review event
RV000317,MV00254,2024-11-26,Ad-hoc,Approved,Low,Medium,3,False,2026-02-19,P005,Synthetic review event
RV000318,MV00254,2025-01-24,Annual,Approved,Medium,Medium,0,False,2026-04-19,P005,Synthetic review event
RV000319,MV00254,2025-06-28,Initial,Approved,Medium,Medium,3,False,2025-12-25,P005,Synthetic review event
RV000320,MV00254,2025-11-15,Initial,Approved,Medium,High,5,True,2027-02-08,P005,Synthetic review event
RV000321,MV00255,2024-12-05,Ad-hoc,Approved,Medium,Medium,2,False,2025-06-03,P004,Synthetic review event
RV000322,MV00255,2025-02-01,Initial,Approved,Medium,Medium,2,False,2026-02-01,P004,Synthetic review event
RV000323,MV00255,2025-08-23,Ad-hoc,Approved,Medium,Medium,1,False,2026-08-23,P004,Synthetic review event
RV000324,MV00255,2025-09-02,Annual,Approved,Medium,Medium,5,False,2026-09-02,P004,Synthetic review event
RV000325,MV00255,2025-09-11,Initial,Approved,Medium,Medium,2,False,2026-09-11,P004,Synthetic review event
RV000326,MV00258,2024-11-11,Ad-hoc,Approved,Low,Low,4,False,2025-05-10,P015,Synthetic review event
RV000327,MV00259,2024-04-05,Annual,Approved,Low,Low,4,False,2024-10-02,P012,Synthetic review event
RV000328,MV00259,2024-05-06,Ad-hoc,Approved,Low,Low,2,False,2025-05-06,P012,Synthetic review event
RV000329,MV00260,2024-03-27,Ad-hoc,Approved,Medium,Medium,1,False,2025-03-27,P011,Synthetic review event
RV000330,MV00260,2025-08-25,Annual,Conditionally Approved,Medium,Medium,1,False,2026-08-25,P011,Synthetic review event
RV000331,MV00260,2025-08-26,Ad-hoc,Approved,Medium,Medium,1,False,2026-08-26,P011,Synthetic review event
RV000332,MV00261,2024-05-13,Ad-hoc,Approved,Medium,Medium,1,False,2025-05-13,P004,Synthetic review event
RV000333,MV00262,2024-10-24,Ad-hoc,Approved,Medium,Medium,3,False,2025-04-22,P023,Synthetic review event
RV000334,MV00262,2025-02-26,Ad-hoc,Approved,Medium,Medium,1,False,2026-02-26,P023,Synthetic review event
RV000335,MV00263,2025-04-04,Annual,Conditionally Approved,Medium,Medium,4,False,2025-10-01,P005,Synthetic review event
RV000336,MV00264,2024-11-29,Initial,Conditionally Approved,Low,Low,3,False,2026-02-22,P015,Synthetic review event
RV000337,MV00264,2025-03-07,Annual,Approved,Low,Low,2,False,2026-03-07,P015,Synthetic review event
RV000338,MV00264,2025-03-17,Ad-hoc,Approved,Low,Low,0,False,2026-06-10,P015,Synthetic review event
RV000339,MV00266,2024-10-05,Ad-hoc,Rejected,Medium,High,2,False,2025-04-03,P031,Synthetic review event
RV000340,MV00266,2025-01-28,Initial,Conditionally Approved,High,Medium,2,False,2025-07-27,P031,Synthetic review event
RV000341,MV00267,2024-10-16,Annual,Approved,Low,High,2,False,2025-10-16,P011,Synthetic review event
RV000342,MV00267,2025-12-01,Initial,Approved,Medium,High,1,False,2026-12-01,P011,Synthetic review event
RV000343,MV00269,2025-02-05,Initial,Conditionally Approved,Medium,Medium,0,False,2026-05-01,P028,Synthetic review event
RV000344,MV00275,2025-02-20,Annual,Conditionally Approved,Medium,Medium,1,False,2025-08-19,P028,Synthetic review event
RV000345,MV00276,2025-04-30,Ad-hoc,Approved,Medium,High,1,False,2026-04-30,P030,Synthetic review event
RV000346,MV00276,2025-06-08,Annual,Approved,High,High,4,True,2026-06-08,P030,Synthetic review event
RV000347,MV00277,2024-04-12,Annual,Approved,Medium,Medium,2,False,2025-07-06,P023,Synthetic review event
RV000348,MV00277,2024-12-08,Annual,Approved,Medium,Medium,2,False,2026-03-03,P023,Synthetic review event
RV000349,MV00277,2025-10-16,Annual,Conditionally Approved,Medium,Medium,5,False,2027-01-09,P023,Synthetic review event
RV000350,MV00277,2025-11-15,Annual,Conditionally Approved,Medium,High,2,False,2026-11-15,P023,Synthetic review event
RV000351,MV00280,2024-07-20,Ad-hoc,Approved,Medium,Medium,2,False,2025-10-13,P012,Synthetic review event
RV000352,MV00280,2024-07-29,Annual,Approved,Medium,Medium,2,False,2025-10-22,P012,Synthetic review event
RV000353,MV00281,2024-09-16,Initial,Approved,Medium,High,2,False,2025-09-16,P012,Synthetic review event
RV000354,MV00283,2024-03-18,Ad-hoc,Approved,Medium,Medium,2,False,2024-09-14,P031,Synthetic review event
RV000355,MV00283,2024-05-08,Annual,Conditionally Approved,Medium,Medium,3,False,2025-05-08,P031,Synthetic review event
RV000356,MV00283,2025-11-10,Annual,Approved,Medium,Medium,2,False,2026-05-09,P031,Synthetic review event
RV000357,MV00284,2024-05-12,Ad-hoc,Approved,Medium,Medium,2,False,2025-05-12,P018,Synthetic review event
RV000358,MV00284,2025-08-02,Annual,Approved,Medium,Medium,1,False,2026-08-02,P018,Synthetic review event
RV000359,MV00285,2024-02-15,Annual,Approved,Low,Low,2,False,2025-02-14,P015,Synthetic review event
RV000360,MV00285,2024-12-24,Annual,Approved,Low,High,0,False,2025-06-22,P015,Synthetic review event
RV000361,MV00285,2025-03-28,Ad-hoc,Approved,High,Low,4,False,2026-06-21,P015,Synthetic review event
RV000362,MV00285,2025-09-17,Initial,Conditionally Approved,Low,Low,1,False,2026-12-11,P015,Synthetic review event
RV000363,MV00286,2025-05-06,Annual,Approved,Low,Low,5,False,2025-11-02,P024,Synthetic review event
RV000364,MV00287,2024-06-12,Ad-hoc,Rejected,Low,High,2,False,2025-09-05,P005,Synthetic review event
RV000365,MV00287,2024-10-13,Initial,Approved,Medium,High,1,False,2025-10-13,P005,Synthetic review event
RV000366,MV00288,2024-02-03,Initial,Conditionally Approved,Medium,High,3,False,2025-02-02,P015,Synthetic review event
RV000367,MV00289,2025-03-27,Ad-hoc,Approved,Low,High,2,False,2026-03-27,P030,Synthetic review event
RV000368,MV00290,2025-08-16,Initial,Approved,Medium,Medium,1,False,2026-08-16,P019,Synthetic review event
RV000369,MV00291,2024-12-16,Initial,Conditionally Approved,Low,High,3,False,2025-12-16,P012,Synthetic review event
RV000370,MV00291,2025-07-28,Initial,Conditionally Approved,High,High,2,False,2026-10-21,P012,Synthetic review event
RV000371,MV00292,2024-09-21,Initial,Approved,Medium,High,3,False,2025-12-15,P011,Synthetic review event
RV000372,MV00293,2025-10-24,Annual,Approved,Low,High,0,False,2027-01-17,P009,Synthetic review event
RV000373,MV00294,2024-05-16,Initial,Conditionally Approved,Medium,Medium,3,False,2025-08-09,P018,Synthetic review event
RV000374,MV00294,2025-01-28,Ad-hoc,Approved,Medium,Medium,4,False,2026-04-23,P018,Synthetic review event
RV000375,MV00294,2025-05-07,Ad-hoc,Conditionally Approved,Medium,Medium,0,False,2026-05-07,P018,Synthetic review event
RV000376,MV00294,2025-11-14,Ad-hoc,Rejected,Medium,High,1,False,2026-05-13,P018,Synthetic review event
RV000377,MV00295,2024-11-22,Initial,Approved,Medium,High,4,True,2025-05-21,P019,Synthetic review event
RV000378,MV00295,2025-05-05,Initial,Conditionally Approved,High,Medium,4,False,2025-11-01,P019,Synthetic review event
RV000379,MV00296,2025-03-06,Annual,Approved,Low,Low,1,False,2026-03-06,P028,Synthetic review event
RV000380,MV00297,2025-08-05,Annual,Approved,Low,Low,2,False,2026-10-29,P028,Synthetic review event
RV000381,MV00298,2024-01-08,Annual,Approved,Low,High,2,False,2025-01-07,P007,Synthetic review event
RV000382,MV00298,2024-04-02,Ad-hoc,Conditionally Approved,High,Low,1,False,2024-09-29,P007,Synthetic review event
RV000383,MV00298,2024-04-28,Ad-hoc,Approved,Low,Low,0,False,2024-10-25,P007,Synthetic review event
RV000384,MV00298,2025-04-06,Initial,Approved,Low,Low,4,False,2025-10-03,P007,Synthetic review event
RV000385,MV00298,2025-09-24,Initial,Approved,Low,Low,0,False,2026-09-24,P007,Synthetic review event
RV000386,MV00299,2024-03-16,Ad-hoc,Approved,Low,Low,0,False,2025-06-09,P028,Synthetic review event
RV000387,MV00300,2025-10-24,Annual,Approved,Medium,Medium,4,False,2027-01-17,P011,Synthetic review event
RV000388,MV00301,2024-08-10,Initial,Rejected,Low,High,2,False,2025-08-10,P005,Synthetic review event
RV000389,MV00301,2025-06-06,Annual,Approved,High,High,1,False,2025-12-03,P005,Synthetic review event
RV000390,MV00301,2025-08-21,Initial,Approved,High,High,2,False,2026-08-21,P005,Synthetic review event
RV000391,MV00302,2024-03-23,Initial,Conditionally Approved,Medium,Medium,1,False,2024-09-19,P015,Synthetic review event
RV000392,MV00302,2025-01-18,Annual,Approved,Medium,Medium,2,False,2026-01-18,P015,Synthetic review event
